Id,Label,Probability
0,1,0.7007299074815961
1,1,0.8846906900844098
2,1,0.6676835643495528
3,1,0.5727701033612059
4,1,0.648856657708279
5,0,0.8879155873443962
6,1,0.8448267529054384
7,1,0.5025630659233776
8,1,0.6137788499842293
9,0,0.5188797528482167
10,0,0.9518692415584166
11,1,0.6406812919149848
12,0,0.5944088973948087
13,0,0.639455164272561
14,0,0.5195588033715972
15,1,0.5964598319841308
16,1,0.5732324832109454
17,0,0.5011245674604341
18,1,0.6196370328144106
